ProductKey,AlternateKey,SubcategoryKey,SubcategoryName,ProductName,Color,ListPrice,Size,ProductLine,Class,Style,ModelName,Status
1,AR-5381,NULL,NULL,Adjustable Race,NA,NULL,NULL,NULL,NULL,NULL,NULL,Current
2,BA-8327,NULL,NULL,Bearing Ball,NA,NULL,NULL,NULL,NULL,NULL,NULL,Current
3,BE-2349,NULL,NULL,BB Ball Bearing,NA,NULL,NULL,NULL,NULL,NULL,NULL,Current
4,BE-2908,NULL,NULL,Headset Ball Bearings,NA,NULL,NULL,NULL,NULL,NULL,NULL,Current
5,BL-2036,NULL,NULL,Blade,NA,NULL,NULL,NULL,NULL,NULL,NULL,Current
6,CA-5965,NULL,NULL,LL Crankarm,Black,NULL,NULL,NULL,L ,NULL,NULL,Current
7,CA-6738,NULL,NULL,ML Crankarm,Black,NULL,NULL,NULL,M ,NULL,NULL,Current
8,CA-7457,NULL,NULL,HL Crankarm,Black,NULL,NULL,NULL,NULL,NULL,NULL,Current
9,CB-2903,NULL,NULL,Chainring Bolts,Silver,NULL,NULL,NULL,NULL,NULL,NULL,Current
10,CN-6137,NULL,NULL,Chainring Nut,Silver,NULL,NULL,NULL,NULL,NULL,NULL,Current
11,CR-7833,NULL,NULL,Chainring,Black,NULL,NULL,NULL,NULL,NULL,NULL,Current
12,CR-9981,NULL,NULL,Crown Race,NA,NULL,NULL,NULL,NULL,NULL,NULL,Current
13,CS-2812,NULL,NULL,Chain Stays,NA,NULL,NULL,NULL,NULL,NULL,NULL,Current
14,DC-8732,NULL,NULL,Decal 1,NA,NULL,NULL,NULL,NULL,NULL,NULL,Current
15,DC-9824,NULL,NULL,Decal 2,NA,NULL,NULL,NULL,NULL,NULL,NULL,Current
16,DT-2377,NULL,NULL,Down Tube,NA,NULL,NULL,NULL,NULL,NULL,NULL,Current
17,EC-M092,NULL,NULL,Mountain End Caps,NA,NULL,NULL,NULL,NULL,NULL,NULL,Current
18,EC-R098,NULL,NULL,Road End Caps,NA,NULL,NULL,NULL,NULL,NULL,NULL,Current
19,EC-T209,NULL,NULL,Touring End Caps,NA,NULL,NULL,NULL,NULL,NULL,NULL,Current
20,FE-3760,NULL,NULL,Fork End,NA,NULL,NULL,NULL,NULL,NULL,NULL,Current
21,FH-2981,NULL,NULL,Freewheel,Silver,NULL,NULL,NULL,NULL,NULL,NULL,Current
22,FW-1000,NULL,NULL,Flat Washer 1,NA,NULL,NULL,NULL,NULL,NULL,NULL,Current
23,FW-1200,NULL,NULL,Flat Washer 6,NA,NULL,NULL,NULL,NULL,NULL,NULL,Current
24,FW-1400,NULL,NULL,Flat Washer 2,NA,NULL,NULL,NULL,NULL,NULL,NULL,Current
25,FW-3400,NULL,NULL,Flat Washer 9,NA,NULL,NULL,NULL,NULL,NULL,NULL,Current
26,FW-3800,NULL,NULL,Flat Washer 4,NA,NULL,NULL,NULL,NULL,NULL,NULL,Current
27,FW-5160,NULL,NULL,Flat Washer 3,NA,NULL,NULL,NULL,NULL,NULL,NULL,Current
28,FW-5800,NULL,NULL,Flat Washer 8,NA,NULL,NULL,NULL,NULL,NULL,NULL,Current
29,FW-7160,NULL,NULL,Flat Washer 5,NA,NULL,NULL,NULL,NULL,NULL,NULL,Current
30,FW-9160,NULL,NULL,Flat Washer 7,NA,NULL,NULL,NULL,NULL,NULL,NULL,Current
31,FC-3654,NULL,NULL,Fork Crown,NA,NULL,NULL,NULL,NULL,NULL,NULL,Current
32,FC-3982,NULL,NULL,Front Derailleur Cage,Silver,NULL,NULL,NULL,NULL,NULL,NULL,Current
33,FL-2301,NULL,NULL,Front Derailleur Linkage,Silver,NULL,NULL,NULL,NULL,NULL,NULL,Current
34,GP-0982,NULL,NULL,Guide Pulley,NA,NULL,NULL,NULL,NULL,NULL,NULL,Current
35,GT-0820,NULL,NULL,LL Grip Tape,NA,NULL,NULL,NULL,L ,NULL,NULL,Current
36,GT-1209,NULL,NULL,ML Grip Tape,NA,NULL,NULL,NULL,M ,NULL,NULL,Current
37,GT-2908,NULL,NULL,HL Grip Tape,NA,NULL,NULL,NULL,NULL,NULL,NULL,Current
38,HJ-1213,NULL,NULL,Thin-Jam Hex Nut 9,NA,NULL,NULL,NULL,NULL,NULL,NULL,Current
39,HJ-1220,NULL,NULL,Thin-Jam Hex Nut 10,NA,NULL,NULL,NULL,NULL,NULL,NULL,Current
40,HJ-1420,NULL,NULL,Thin-Jam Hex Nut 1,NA,NULL,NULL,NULL,NULL,NULL,NULL,Current
41,HJ-1428,NULL,NULL,Thin-Jam Hex Nut 2,NA,NULL,NULL,NULL,NULL,NULL,NULL,Current
42,HJ-3410,NULL,NULL,Thin-Jam Hex Nut 15,NA,NULL,NULL,NULL,NULL,NULL,NULL,Current
43,HJ-3416,NULL,NULL,Thin-Jam Hex Nut 16,NA,NULL,NULL,NULL,NULL,NULL,NULL,Current
44,HJ-3816,NULL,NULL,Thin-Jam Hex Nut 5,NA,NULL,NULL,NULL,NULL,NULL,NULL,Current
45,HJ-3824,NULL,NULL,Thin-Jam Hex Nut 6,NA,NULL,NULL,NULL,NULL,NULL,NULL,Current
46,HJ-5161,NULL,NULL,Thin-Jam Hex Nut 3,NA,NULL,NULL,NULL,NULL,NULL,NULL,Current
47,HJ-5162,NULL,NULL,Thin-Jam Hex Nut 4,NA,NULL,NULL,NULL,NULL,NULL,NULL,Current
48,HJ-5811,NULL,NULL,Thin-Jam Hex Nut 13,NA,NULL,NULL,NULL,NULL,NULL,NULL,Current
49,HJ-5818,NULL,NULL,Thin-Jam Hex Nut 14,NA,NULL,NULL,NULL,NULL,NULL,NULL,Current
50,HJ-7161,NULL,NULL,Thin-Jam Hex Nut 7,NA,NULL,NULL,NULL,NULL,NULL,NULL,Current
51,HJ-7162,NULL,NULL,Thin-Jam Hex Nut 8,NA,NULL,NULL,NULL,NULL,NULL,NULL,Current
52,HJ-9080,NULL,NULL,Thin-Jam Hex Nut 12,NA,NULL,NULL,NULL,NULL,NULL,NULL,Current
53,HJ-9161,NULL,NULL,Thin-Jam Hex Nut 11,NA,NULL,NULL,NULL,NULL,NULL,NULL,Current
54,HN-1024,NULL,NULL,Hex Nut 5,NA,NULL,NULL,NULL,NULL,NULL,NULL,Current
55,HN-1032,NULL,NULL,Hex Nut 6,NA,NULL,NULL,NULL,NULL,NULL,NULL,Current
56,HN-1213,NULL,NULL,Hex Nut 16,NA,NULL,NULL,NULL,NULL,NULL,NULL,Current
57,HN-1220,NULL,NULL,Hex Nut 17,NA,NULL,NULL,NULL,NULL,NULL,NULL,Current
58,HN-1224,NULL,NULL,Hex Nut 7,NA,NULL,NULL,NULL,NULL,NULL,NULL,Current
59,HN-1420,NULL,NULL,Hex Nut 8,NA,NULL,NULL,NULL,NULL,NULL,NULL,Current
60,HN-1428,NULL,NULL,Hex Nut 9,NA,NULL,NULL,NULL,NULL,NULL,NULL,Current
61,HN-3410,NULL,NULL,Hex Nut 22,NA,NULL,NULL,NULL,NULL,NULL,NULL,Current
62,HN-3416,NULL,NULL,Hex Nut 23,NA,NULL,NULL,NULL,NULL,NULL,NULL,Current
63,HN-3816,NULL,NULL,Hex Nut 12,NA,NULL,NULL,NULL,NULL,NULL,NULL,Current
64,HN-3824,NULL,NULL,Hex Nut 13,NA,NULL,NULL,NULL,NULL,NULL,NULL,Current
65,HN-4402,NULL,NULL,Hex Nut 1,NA,NULL,NULL,NULL,NULL,NULL,NULL,Current
66,HN-5161,NULL,NULL,Hex Nut 10,NA,NULL,NULL,NULL,NULL,NULL,NULL,Current
67,HN-5162,NULL,NULL,Hex Nut 11,NA,NULL,NULL,NULL,NULL,NULL,NULL,Current
68,HN-5400,NULL,NULL,Hex Nut 2,NA,NULL,NULL,NULL,NULL,NULL,NULL,Current
69,HN-5811,NULL,NULL,Hex Nut 20,NA,NULL,NULL,NULL,NULL,NULL,NULL,Current
70,HN-5818,NULL,NULL,Hex Nut 21,NA,NULL,NULL,NULL,NULL,NULL,NULL,Current
71,HN-6320,NULL,NULL,Hex Nut 3,NA,NULL,NULL,NULL,NULL,NULL,NULL,Current
72,HN-7161,NULL,NULL,Hex Nut 14,NA,NULL,NULL,NULL,NULL,NULL,NULL,Current
73,HN-7162,NULL,NULL,Hex Nut 15,NA,NULL,NULL,NULL,NULL,NULL,NULL,Current
74,HN-8320,NULL,NULL,Hex Nut 4,NA,NULL,NULL,NULL,NULL,NULL,NULL,Current
75,HN-9161,NULL,NULL,Hex Nut 18,NA,NULL,NULL,NULL,NULL,NULL,NULL,Current
76,HN-9168,NULL,NULL,Hex Nut 19,NA,NULL,NULL,NULL,NULL,NULL,NULL,Current
77,HT-2981,NULL,NULL,Handlebar Tube,NA,NULL,NULL,NULL,NULL,NULL,NULL,Current
78,HT-8019,NULL,NULL,Head Tube,NA,NULL,NULL,NULL,NULL,NULL,NULL,Current
79,HU-6280,NULL,NULL,LL Hub,NA,NULL,NULL,NULL,L ,NULL,NULL,Current
80,HU-8998,NULL,NULL,HL Hub,NA,NULL,NULL,NULL,NULL,NULL,NULL,Current
81,KW-4091,NULL,NULL,Keyed Washer,NA,NULL,NULL,NULL,NULL,NULL,NULL,Current
82,LE-1000,NULL,NULL,External Lock Washer 3,NA,NULL,NULL,NULL,NULL,NULL,NULL,Current
83,LE-1200,NULL,NULL,External Lock Washer 4,NA,NULL,NULL,NULL,NULL,NULL,NULL,Current
84,LE-1201,NULL,NULL,External Lock Washer 9,NA,NULL,NULL,NULL,NULL,NULL,NULL,Current
85,LE-1400,NULL,NULL,External Lock Washer 5,NA,NULL,NULL,NULL,NULL,NULL,NULL,Current
86,LE-3800,NULL,NULL,External Lock Washer 7,NA,NULL,NULL,NULL,NULL,NULL,NULL,Current
87,LE-5160,NULL,NULL,External Lock Washer 6,NA,NULL,NULL,NULL,NULL,NULL,NULL,Current
88,LE-6000,NULL,NULL,External Lock Washer 1,NA,NULL,NULL,NULL,NULL,NULL,NULL,Current
89,LE-7160,NULL,NULL,External Lock Washer 8,NA,NULL,NULL,NULL,NULL,NULL,NULL,Current
90,LE-8000,NULL,NULL,External Lock Washer 2,NA,NULL,NULL,NULL,NULL,NULL,NULL,Current
91,LI-1000,NULL,NULL,Internal Lock Washer 3,NA,NULL,NULL,NULL,NULL,NULL,NULL,Current
92,LI-1200,NULL,NULL,Internal Lock Washer 4,NA,NULL,NULL,NULL,NULL,NULL,NULL,Current
93,LI-1201,NULL,NULL,Internal Lock Washer 9,NA,NULL,NULL,NULL,NULL,NULL,NULL,Current
94,LI-1400,NULL,NULL,Internal Lock Washer 5,NA,NULL,NULL,NULL,NULL,NULL,NULL,Current
95,LI-3800,NULL,NULL,Internal Lock Washer 7,NA,NULL,NULL,NULL,NULL,NULL,NULL,Current
96,LI-5160,NULL,NULL,Internal Lock Washer 6,NA,NULL,NULL,NULL,NULL,NULL,NULL,Current
97,LI-5800,NULL,NULL,Internal Lock Washer 10,NA,NULL,NULL,NULL,NULL,NULL,NULL,Current
98,LI-6000,NULL,NULL,Internal Lock Washer 1,NA,NULL,NULL,NULL,NULL,NULL,NULL,Current
99,LI-7160,NULL,NULL,Internal Lock Washer 8,NA,NULL,NULL,NULL,NULL,NULL,NULL,Current
100,LI-8000,NULL,NULL,Internal Lock Washer 2,NA,NULL,NULL,NULL,NULL,NULL,NULL,Current
101,LJ-1213,NULL,NULL,Thin-Jam Lock Nut 9,NA,NULL,NULL,NULL,NULL,NULL,NULL,Current
102,LJ-1220,NULL,NULL,Thin-Jam Lock Nut 10,NA,NULL,NULL,NULL,NULL,NULL,NULL,Current
103,LJ-1420,NULL,NULL,Thin-Jam Lock Nut 1,NA,NULL,NULL,NULL,NULL,NULL,NULL,Current
104,LJ-1428,NULL,NULL,Thin-Jam Lock Nut 2,NA,NULL,NULL,NULL,NULL,NULL,NULL,Current
105,LJ-3410,NULL,NULL,Thin-Jam Lock Nut 15,NA,NULL,NULL,NULL,NULL,NULL,NULL,Current
106,LJ-3416,NULL,NULL,Thin-Jam Lock Nut 16,NA,NULL,NULL,NULL,NULL,NULL,NULL,Current
107,LJ-3816,NULL,NULL,Thin-Jam Lock Nut 5,NA,NULL,NULL,NULL,NULL,NULL,NULL,Current
108,LJ-3824,NULL,NULL,Thin-Jam Lock Nut 6,NA,NULL,NULL,NULL,NULL,NULL,NULL,Current
109,LJ-5161,NULL,NULL,Thin-Jam Lock Nut 3,NA,NULL,NULL,NULL,NULL,NULL,NULL,Current
110,LJ-5162,NULL,NULL,Thin-Jam Lock Nut 4,NA,NULL,NULL,NULL,NULL,NULL,NULL,Current
111,LJ-5811,NULL,NULL,Thin-Jam Lock Nut 13,NA,NULL,NULL,NULL,NULL,NULL,NULL,Current
112,LJ-5818,NULL,NULL,Thin-Jam Lock Nut 14,NA,NULL,NULL,NULL,NULL,NULL,NULL,Current
113,LJ-7161,NULL,NULL,Thin-Jam Lock Nut 7,NA,NULL,NULL,NULL,NULL,NULL,NULL,Current
114,LJ-7162,NULL,NULL,Thin-Jam Lock Nut 8,NA,NULL,NULL,NULL,NULL,NULL,NULL,Current
115,LJ-9080,NULL,NULL,Thin-Jam Lock Nut 12,NA,NULL,NULL,NULL,NULL,NULL,NULL,Current
116,LJ-9161,NULL,NULL,Thin-Jam Lock Nut 11,NA,NULL,NULL,NULL,NULL,NULL,NULL,Current
117,LN-1024,NULL,NULL,Lock Nut 5,NA,NULL,NULL,NULL,NULL,NULL,NULL,Current
118,LN-1032,NULL,NULL,Lock Nut 6,NA,NULL,NULL,NULL,NULL,NULL,NULL,Current
119,LN-1213,NULL,NULL,Lock Nut 16,NA,NULL,NULL,NULL,NULL,NULL,NULL,Current
120,LN-1220,NULL,NULL,Lock Nut 17,NA,NULL,NULL,NULL,NULL,NULL,NULL,Current
121,LN-1224,NULL,NULL,Lock Nut 7,NA,NULL,NULL,NULL,NULL,NULL,NULL,Current
122,LN-1420,NULL,NULL,Lock Nut 8,NA,NULL,NULL,NULL,NULL,NULL,NULL,Current
123,LN-1428,NULL,NULL,Lock Nut 9,NA,NULL,NULL,NULL,NULL,NULL,NULL,Current
124,LN-3410,NULL,NULL,Lock Nut 22,NA,NULL,NULL,NULL,NULL,NULL,NULL,Current
125,LN-3416,NULL,NULL,Lock Nut 23,NA,NULL,NULL,NULL,NULL,NULL,NULL,Current
126,LN-3816,NULL,NULL,Lock Nut 12,NA,NULL,NULL,NULL,NULL,NULL,NULL,Current
127,LN-3824,NULL,NULL,Lock Nut 13,NA,NULL,NULL,NULL,NULL,NULL,NULL,Current
128,LN-4400,NULL,NULL,Lock Nut 1,NA,NULL,NULL,NULL,NULL,NULL,NULL,Current
129,LN-5161,NULL,NULL,Lock Nut 10,NA,NULL,NULL,NULL,NULL,NULL,NULL,Current
130,LN-5162,NULL,NULL,Lock Nut 11,NA,NULL,NULL,NULL,NULL,NULL,NULL,Current
131,LN-5400,NULL,NULL,Lock Nut 2,NA,NULL,NULL,NULL,NULL,NULL,NULL,Current
132,LN-5811,NULL,NULL,Lock Nut 20,NA,NULL,NULL,NULL,NULL,NULL,NULL,Current
133,LN-5818,NULL,NULL,Lock Nut 21,NA,NULL,NULL,NULL,NULL,NULL,NULL,Current
134,LN-6320,NULL,NULL,Lock Nut 3,NA,NULL,NULL,NULL,NULL,NULL,NULL,Current
135,LN-7161,NULL,NULL,Lock Nut 14,NA,NULL,NULL,NULL,NULL,NULL,NULL,Current
136,LN-7162,NULL,NULL,Lock Nut 15,NA,NULL,NULL,NULL,NULL,NULL,NULL,Current
137,LN-8320,NULL,NULL,Lock Nut 4,NA,NULL,NULL,NULL,NULL,NULL,NULL,Current
138,LN-9080,NULL,NULL,Lock Nut 19,NA,NULL,NULL,NULL,NULL,NULL,NULL,Current
139,LN-9161,NULL,NULL,Lock Nut 18,NA,NULL,NULL,NULL,NULL,NULL,NULL,Current
140,LR-2398,NULL,NULL,Lock Ring,Silver,NULL,NULL,NULL,NULL,NULL,NULL,Current
141,LR-8520,NULL,NULL,Lower Head Race,NA,NULL,NULL,NULL,NULL,NULL,NULL,Current
142,LW-1000,NULL,NULL,Lock Washer 4,NA,NULL,NULL,NULL,NULL,NULL,NULL,Current
143,LW-1200,NULL,NULL,Lock Washer 5,NA,NULL,NULL,NULL,NULL,NULL,NULL,Current
144,LW-1201,NULL,NULL,Lock Washer 10,NA,NULL,NULL,NULL,NULL,NULL,NULL,Current
145,LW-1400,NULL,NULL,Lock Washer 6,NA,NULL,NULL,NULL,NULL,NULL,NULL,Current
146,LW-3400,NULL,NULL,Lock Washer 13,NA,NULL,NULL,NULL,NULL,NULL,NULL,Current
147,LW-3800,NULL,NULL,Lock Washer 8,NA,NULL,NULL,NULL,NULL,NULL,NULL,Current
148,LW-4000,NULL,NULL,Lock Washer 1,NA,NULL,NULL,NULL,NULL,NULL,NULL,Current
149,LW-5160,NULL,NULL,Lock Washer 7,NA,NULL,NULL,NULL,NULL,NULL,NULL,Current
150,LW-5800,NULL,NULL,Lock Washer 12,NA,NULL,NULL,NULL,NULL,NULL,NULL,Current
151,LW-6000,NULL,NULL,Lock Washer 2,NA,NULL,NULL,NULL,NULL,NULL,NULL,Current
152,LW-7160,NULL,NULL,Lock Washer 9,NA,NULL,NULL,NULL,NULL,NULL,NULL,Current
153,LW-8000,NULL,NULL,Lock Washer 3,NA,NULL,NULL,NULL,NULL,NULL,NULL,Current
154,LW-9160,NULL,NULL,Lock Washer 11,NA,NULL,NULL,NULL,NULL,NULL,NULL,Current
155,MA-7075,NULL,NULL,Metal Angle,NA,NULL,NULL,NULL,NULL,NULL,NULL,Current
156,MB-2024,NULL,NULL,Metal Bar 1,NA,NULL,NULL,NULL,NULL,NULL,NULL,Current
157,MB-6061,NULL,NULL,Metal Bar 2,NA,NULL,NULL,NULL,NULL,NULL,NULL,Current
158,MP-2066,NULL,NULL,Metal Plate 2,NA,NULL,NULL,NULL,NULL,NULL,NULL,Current
159,MP-2503,NULL,NULL,Metal Plate 1,NA,NULL,NULL,NULL,NULL,NULL,NULL,Current
160,MP-4960,NULL,NULL,Metal Plate 3,NA,NULL,NULL,NULL,NULL,NULL,NULL,Current
161,MS-0253,NULL,NULL,Metal Sheet 2,NA,NULL,NULL,NULL,NULL,NULL,NULL,Current
162,MS-1256,NULL,NULL,Metal Sheet 3,NA,NULL,NULL,NULL,NULL,NULL,NULL,Current
163,MS-1981,NULL,NULL,Metal Sheet 7,NA,NULL,NULL,NULL,NULL,NULL,NULL,Current
164,MS-2259,NULL,NULL,Metal Sheet 4,NA,NULL,NULL,NULL,NULL,NULL,NULL,Current
165,MS-2341,NULL,NULL,Metal Sheet 5,NA,NULL,NULL,NULL,NULL,NULL,NULL,Current
166,MS-2348,NULL,NULL,Metal Sheet 6,NA,NULL,NULL,NULL,NULL,NULL,NULL,Current
167,MS-6061,NULL,NULL,Metal Sheet 1,NA,NULL,NULL,NULL,NULL,NULL,NULL,Current
168,MT-1000,NULL,NULL,Metal Tread Plate,NA,NULL,NULL,NULL,NULL,NULL,NULL,Current
169,NI-4127,NULL,NULL,LL Nipple,NA,NULL,NULL,NULL,L ,NULL,NULL,Current
170,NI-9522,NULL,NULL,HL Nipple,NA,NULL,NULL,NULL,NULL,NULL,NULL,Current
171,PA-187B,NULL,NULL,Paint - Black,NA,NULL,NULL,NULL,NULL,NULL,NULL,Current
172,PA-361R,NULL,NULL,Paint - Red,NA,NULL,NULL,NULL,NULL,NULL,NULL,Current
173,PA-529S,NULL,NULL,Paint - Silver,NA,NULL,NULL,NULL,NULL,NULL,NULL,Current
174,PA-632U,NULL,NULL,Paint - Blue,NA,NULL,NULL,NULL,NULL,NULL,NULL,Current
175,PA-823Y,NULL,NULL,Paint - Yellow,NA,NULL,NULL,NULL,NULL,NULL,NULL,Current
176,PB-6109,NULL,NULL,Pinch Bolt,NA,NULL,NULL,NULL,NULL,NULL,NULL,Current
177,RA-2345,NULL,NULL,Cup-Shaped Race,NA,NULL,NULL,NULL,NULL,NULL,NULL,Current
178,RA-7490,NULL,NULL,Cone-Shaped Race,NA,NULL,NULL,NULL,NULL,NULL,NULL,Current
179,RF-9198,NULL,NULL,Reflector,NA,NULL,NULL,NULL,NULL,NULL,NULL,Current
180,RM-M464,NULL,NULL,LL Mountain Rim,NA,NULL,NULL,NULL,L ,NULL,NULL,Current
181,RM-M692,NULL,NULL,ML Mountain Rim,NA,NULL,NULL,NULL,M ,NULL,NULL,Current
182,RM-M823,NULL,NULL,HL Mountain Rim,NA,NULL,NULL,NULL,NULL,NULL,NULL,Current
183,RM-R436,NULL,NULL,LL Road Rim,NA,NULL,NULL,NULL,L ,NULL,NULL,Current
184,RM-R600,NULL,NULL,ML Road Rim,NA,NULL,NULL,NULL,M ,NULL,NULL,Current
185,RM-R800,NULL,NULL,HL Road Rim,NA,NULL,NULL,NULL,NULL,NULL,NULL,Current
186,RM-T801,NULL,NULL,Touring Rim,NA,NULL,NULL,NULL,NULL,NULL,NULL,Current
187,SA-M198,NULL,NULL,LL Mountain Seat Assembly,NA,NULL,NULL,NULL,L ,NULL,NULL,Current
188,SA-M237,NULL,NULL,ML Mountain Seat Assembly,NA,NULL,NULL,NULL,M ,NULL,NULL,Current
189,SA-M687,NULL,NULL,HL Mountain Seat Assembly,NA,NULL,NULL,NULL,NULL,NULL,NULL,Current
190,SA-R127,NULL,NULL,LL Road Seat Assembly,NA,NULL,NULL,NULL,L ,NULL,NULL,Current
191,SA-R430,NULL,NULL,ML Road Seat Assembly,NA,NULL,NULL,NULL,M ,NULL,NULL,Current
192,SA-R522,NULL,NULL,HL Road Seat Assembly,NA,NULL,NULL,NULL,NULL,NULL,NULL,Current
193,SA-T467,NULL,NULL,LL Touring Seat Assembly,NA,NULL,NULL,NULL,L ,NULL,NULL,Current
194,SA-T612,NULL,NULL,ML Touring Seat Assembly,NA,NULL,NULL,NULL,M ,NULL,NULL,Current
195,SA-T872,NULL,NULL,HL Touring Seat Assembly,NA,NULL,NULL,NULL,NULL,NULL,NULL,Current
196,SD-2342,NULL,NULL,LL Spindle/Axle,NA,NULL,NULL,NULL,L ,NULL,NULL,Current
197,SD-9872,NULL,NULL,HL Spindle/Axle,NA,NULL,NULL,NULL,NULL,NULL,NULL,Current
198,SH-4562,NULL,NULL,LL Shell,NA,NULL,NULL,NULL,L ,NULL,NULL,Current
199,SH-9312,NULL,NULL,HL Shell,NA,NULL,NULL,NULL,NULL,NULL,NULL,Current
200,SK-9283,NULL,NULL,Spokes,NA,NULL,NULL,NULL,NULL,NULL,NULL,Current
201,SL-0931,NULL,NULL,Seat Lug,NA,NULL,NULL,NULL,NULL,NULL,NULL,Current
202,SM-9087,NULL,NULL,Stem,NA,NULL,NULL,NULL,NULL,NULL,NULL,Current
203,SP-2981,NULL,NULL,Seat Post,NA,NULL,NULL,NULL,NULL,NULL,NULL,Current
204,SR-2098,NULL,NULL,Steerer,NA,NULL,NULL,NULL,NULL,NULL,NULL,Current
205,SS-2985,NULL,NULL,Seat Stays,NA,NULL,NULL,NULL,NULL,NULL,NULL,Current
206,ST-9828,NULL,NULL,Seat Tube,NA,NULL,NULL,NULL,NULL,NULL,NULL,Current
207,TO-2301,NULL,NULL,Top Tube,NA,NULL,NULL,NULL,NULL,NULL,NULL,Current
208,TP-0923,NULL,NULL,Tension Pulley,NA,NULL,NULL,NULL,NULL,NULL,NULL,Current
209,RC-0291,NULL,NULL,Rear Derailleur Cage,Silver,NULL,NULL,NULL,NULL,NULL,NULL,Current
210,FR-R92B-58,14,Road Frames,"HL Road Frame - Black, 58",Black,NULL,58,R ,H ,U ,HL Road Frame,Current
211,FR-R92R-58,14,Road Frames,"HL Road Frame - Red, 58",Red,NULL,58,R ,H ,U ,HL Road Frame,Current
212,HL-U509-R,31,Helmets,"Sport-100 Helmet, Red",Red,33.6442,NULL,S ,NULL,NULL,Sport-100,Outdate
213,HL-U509-R,31,Helmets,"Sport-100 Helmet, Red",Red,33.6442,NULL,S ,NULL,NULL,Sport-100,Outdate
214,HL-U509-R,31,Helmets,"Sport-100 Helmet, Red",Red,34.99,NULL,S ,NULL,NULL,Sport-100,Current
215,HL-U509,31,Helmets,"Sport-100 Helmet, Black",Black,33.6442,NULL,S ,NULL,NULL,Sport-100,Outdate
216,HL-U509,31,Helmets,"Sport-100 Helmet, Black",Black,33.6442,NULL,S ,NULL,NULL,Sport-100,Outdate
217,HL-U509,31,Helmets,"Sport-100 Helmet, Black",Black,34.99,NULL,S ,NULL,NULL,Sport-100,Current
218,SO-B909-M,23,Socks,"Mountain Bike Socks, M",White,9.5,M,M ,NULL,U ,Mountain Bike Socks,Outdate
219,SO-B909-L,23,Socks,"Mountain Bike Socks, L",White,9.5,L,M ,NULL,U ,Mountain Bike Socks,Outdate
220,HL-U509-B,31,Helmets,"Sport-100 Helmet, Blue",Blue,33.6442,NULL,S ,NULL,NULL,Sport-100,Outdate
221,HL-U509-B,31,Helmets,"Sport-100 Helmet, Blue",Blue,33.6442,NULL,S ,NULL,NULL,Sport-100,Outdate
222,HL-U509-B,31,Helmets,"Sport-100 Helmet, Blue",Blue,34.99,NULL,S ,NULL,NULL,Sport-100,Current
223,CA-1098,19,Caps,AWC Logo Cap,Multi,8.6442,NULL,S ,NULL,U ,Cycling Cap,Outdate
224,CA-1098,19,Caps,AWC Logo Cap,Multi,8.6442,NULL,S ,NULL,U ,Cycling Cap,Outdate
225,CA-1098,19,Caps,AWC Logo Cap,Multi,8.99,NULL,S ,NULL,U ,Cycling Cap,Current
226,LJ-0192-S,21,Jerseys,"Long-Sleeve Logo Jersey, S",Multi,48.0673,S,S ,NULL,U ,Long-Sleeve Logo Jersey,Outdate
227,LJ-0192-S,21,Jerseys,"Long-Sleeve Logo Jersey, S",Multi,48.0673,S,S ,NULL,U ,Long-Sleeve Logo Jersey,Outdate
228,LJ-0192-S,21,Jerseys,"Long-Sleeve Logo Jersey, S",Multi,49.99,S,S ,NULL,U ,Long-Sleeve Logo Jersey,Current
229,LJ-0192-M,21,Jerseys,"Long-Sleeve Logo Jersey, M",Multi,48.0673,M,S ,NULL,U ,Long-Sleeve Logo Jersey,Outdate
230,LJ-0192-M,21,Jerseys,"Long-Sleeve Logo Jersey, M",Multi,48.0673,M,S ,NULL,U ,Long-Sleeve Logo Jersey,Outdate
231,LJ-0192-M,21,Jerseys,"Long-Sleeve Logo Jersey, M",Multi,49.99,M,S ,NULL,U ,Long-Sleeve Logo Jersey,Current
232,LJ-0192-L,21,Jerseys,"Long-Sleeve Logo Jersey, L",Multi,48.0673,L,S ,NULL,U ,Long-Sleeve Logo Jersey,Outdate
233,LJ-0192-L,21,Jerseys,"Long-Sleeve Logo Jersey, L",Multi,48.0673,L,S ,NULL,U ,Long-Sleeve Logo Jersey,Outdate
234,LJ-0192-L,21,Jerseys,"Long-Sleeve Logo Jersey, L",Multi,49.99,L,S ,NULL,U ,Long-Sleeve Logo Jersey,Current
235,LJ-0192-X,21,Jerseys,"Long-Sleeve Logo Jersey, XL",Multi,48.0673,XL,S ,NULL,U ,Long-Sleeve Logo Jersey,Outdate
236,LJ-0192-X,21,Jerseys,"Long-Sleeve Logo Jersey, XL",Multi,48.0673,XL,S ,NULL,U ,Long-Sleeve Logo Jersey,Outdate
237,LJ-0192-X,21,Jerseys,"Long-Sleeve Logo Jersey, XL",Multi,49.99,XL,S ,NULL,U ,Long-Sleeve Logo Jersey,Current
238,FR-R92R-62,14,Road Frames,"HL Road Frame - Red, 62",Red,1263.4598,62,R ,H ,U ,HL Road Frame,Outdate
239,FR-R92R-62,14,Road Frames,"HL Road Frame - Red, 62",Red,1301.3636,62,R ,H ,U ,HL Road Frame,Outdate
240,FR-R92R-62,14,Road Frames,"HL Road Frame - Red, 62",Red,1431.5,62,R ,H ,U ,HL Road Frame,Current
241,FR-R92R-44,14,Road Frames,"HL Road Frame - Red, 44",Red,1263.4598,44,R ,H ,U ,HL Road Frame,Outdate
242,FR-R92R-44,14,Road Frames,"HL Road Frame - Red, 44",Red,1301.3636,44,R ,H ,U ,HL Road Frame,Outdate
243,FR-R92R-44,14,Road Frames,"HL Road Frame - Red, 44",Red,1431.5,44,R ,H ,U ,HL Road Frame,Current
244,FR-R92R-48,14,Road Frames,"HL Road Frame - Red, 48",Red,1263.4598,48,R ,H ,U ,HL Road Frame,Outdate
245,FR-R92R-48,14,Road Frames,"HL Road Frame - Red, 48",Red,1301.3636,48,R ,H ,U ,HL Road Frame,Outdate
246,FR-R92R-48,14,Road Frames,"HL Road Frame - Red, 48",Red,1431.5,48,R ,H ,U ,HL Road Frame,Current
247,FR-R92R-52,14,Road Frames,"HL Road Frame - Red, 52",Red,1263.4598,52,R ,H ,U ,HL Road Frame,Outdate
248,FR-R92R-52,14,Road Frames,"HL Road Frame - Red, 52",Red,1301.3636,52,R ,H ,U ,HL Road Frame,Outdate
249,FR-R92R-52,14,Road Frames,"HL Road Frame - Red, 52",Red,1431.5,52,R ,H ,U ,HL Road Frame,Current
250,FR-R92R-56,14,Road Frames,"HL Road Frame - Red, 56",Red,1263.4598,56,R ,H ,U ,HL Road Frame,Outdate
251,FR-R92R-56,14,Road Frames,"HL Road Frame - Red, 56",Red,1301.3636,56,R ,H ,U ,HL Road Frame,Outdate
252,FR-R92R-56,14,Road Frames,"HL Road Frame - Red, 56",Red,1431.5,56,R ,H ,U ,HL Road Frame,Current
253,FR-R38B-58,14,Road Frames,"LL Road Frame - Black, 58",Black,297.6346,58,R ,L ,U ,LL Road Frame,Outdate
254,FR-R38B-58,14,Road Frames,"LL Road Frame - Black, 58",Black,306.5636,58,R ,L ,U ,LL Road Frame,Outdate
255,FR-R38B-58,14,Road Frames,"LL Road Frame - Black, 58",Black,337.22,58,R ,L ,U ,LL Road Frame,Current
256,FR-R38B-60,14,Road Frames,"LL Road Frame - Black, 60",Black,297.6346,60,R ,L ,U ,LL Road Frame,Outdate
257,FR-R38B-60,14,Road Frames,"LL Road Frame - Black, 60",Black,306.5636,60,R ,L ,U ,LL Road Frame,Outdate
258,FR-R38B-60,14,Road Frames,"LL Road Frame - Black, 60",Black,337.22,60,R ,L ,U ,LL Road Frame,Current
259,FR-R38B-62,14,Road Frames,"LL Road Frame - Black, 62",Black,297.6346,62,R ,L ,U ,LL Road Frame,Outdate
260,FR-R38B-62,14,Road Frames,"LL Road Frame - Black, 62",Black,306.5636,62,R ,L ,U ,LL Road Frame,Outdate
261,FR-R38B-62,14,Road Frames,"LL Road Frame - Black, 62",Black,337.22,62,R ,L ,U ,LL Road Frame,Current
262,FR-R38R-44,14,Road Frames,"LL Road Frame - Red, 44",Red,306.5636,44,R ,L ,U ,LL Road Frame,Outdate
263,FR-R38R-44,14,Road Frames,"LL Road Frame - Red, 44",Red,337.22,44,R ,L ,U ,LL Road Frame,Outdate
264,FR-R38R-48,14,Road Frames,"LL Road Frame - Red, 48",Red,306.5636,48,R ,L ,U ,LL Road Frame,Outdate
265,FR-R38R-48,14,Road Frames,"LL Road Frame - Red, 48",Red,337.22,48,R ,L ,U ,LL Road Frame,Outdate
266,FR-R38R-52,14,Road Frames,"LL Road Frame - Red, 52",Red,306.5636,52,R ,L ,U ,LL Road Frame,Outdate
267,FR-R38R-52,14,Road Frames,"LL Road Frame - Red, 52",Red,337.22,52,R ,L ,U ,LL Road Frame,Outdate
268,FR-R38R-58,14,Road Frames,"LL Road Frame - Red, 58",Red,306.5636,58,R ,L ,U ,LL Road Frame,Outdate
269,FR-R38R-58,14,Road Frames,"LL Road Frame - Red, 58",Red,337.22,58,R ,L ,U ,LL Road Frame,Outdate
270,FR-R38R-60,14,Road Frames,"LL Road Frame - Red, 60",Red,306.5636,60,R ,L ,U ,LL Road Frame,Outdate
271,FR-R38R-60,14,Road Frames,"LL Road Frame - Red, 60",Red,337.22,60,R ,L ,U ,LL Road Frame,Outdate
272,FR-R38R-62,14,Road Frames,"LL Road Frame - Red, 62",Red,306.5636,62,R ,L ,U ,LL Road Frame,Outdate
273,FR-R38R-62,14,Road Frames,"LL Road Frame - Red, 62",Red,337.22,62,R ,L ,U ,LL Road Frame,Outdate
274,FR-R72R-44,14,Road Frames,"ML Road Frame - Red, 44",Red,594.83,44,R ,M ,U ,ML Road Frame,Outdate
275,FR-R72R-48,14,Road Frames,"ML Road Frame - Red, 48",Red,594.83,48,R ,M ,U ,ML Road Frame,Outdate
276,FR-R72R-52,14,Road Frames,"ML Road Frame - Red, 52",Red,594.83,52,R ,M ,U ,ML Road Frame,Outdate
277,FR-R72R-58,14,Road Frames,"ML Road Frame - Red, 58",Red,594.83,58,R ,M ,U ,ML Road Frame,Outdate
278,FR-R72R-60,14,Road Frames,"ML Road Frame - Red, 60",Red,594.83,60,R ,M ,U ,ML Road Frame,Outdate
279,FR-R38B-44,14,Road Frames,"LL Road Frame - Black, 44",Black,297.6346,44,R ,L ,U ,LL Road Frame,Outdate
280,FR-R38B-44,14,Road Frames,"LL Road Frame - Black, 44",Black,306.5636,44,R ,L ,U ,LL Road Frame,Outdate
281,FR-R38B-44,14,Road Frames,"LL Road Frame - Black, 44",Black,337.22,44,R ,L ,U ,LL Road Frame,Current
282,FR-R38B-48,14,Road Frames,"LL Road Frame - Black, 48",Black,297.6346,48,R ,L ,U ,LL Road Frame,Outdate
283,FR-R38B-48,14,Road Frames,"LL Road Frame - Black, 48",Black,306.5636,48,R ,L ,U ,LL Road Frame,Outdate
284,FR-R38B-48,14,Road Frames,"LL Road Frame - Black, 48",Black,337.22,48,R ,L ,U ,LL Road Frame,Current
285,FR-R38B-52,14,Road Frames,"LL Road Frame - Black, 52",Black,297.6346,52,R ,L ,U ,LL Road Frame,Outdate
286,FR-R38B-52,14,Road Frames,"LL Road Frame - Black, 52",Black,306.5636,52,R ,L ,U ,LL Road Frame,Outdate
287,FR-R38B-52,14,Road Frames,"LL Road Frame - Black, 52",Black,337.22,52,R ,L ,U ,LL Road Frame,Current
288,FR-M94S-42,12,Mountain Frames,"HL Mountain Frame - Silver, 42",Silver,1204.3248,42,M ,H ,U ,HL Mountain Frame,Outdate
289,FR-M94S-42,12,Mountain Frames,"HL Mountain Frame - Silver, 42",Silver,1240.4545,42,M ,H ,U ,HL Mountain Frame,Outdate
290,FR-M94S-42,12,Mountain Frames,"HL Mountain Frame - Silver, 42",Silver,1364.5,42,M ,H ,U ,HL Mountain Frame,Current
291,FR-M94S-44,12,Mountain Frames,"HL Mountain Frame - Silver, 44",Silver,1364.5,44,M ,H ,U ,HL Mountain Frame,Outdate
292,FR-M94S-52,12,Mountain Frames,"HL Mountain Frame - Silver, 48",Silver,1364.5,48,M ,H ,U ,HL Mountain Frame,Outdate
293,FR-M94S-46,12,Mountain Frames,"HL Mountain Frame - Silver, 46",Silver,1204.3248,46,M ,H ,U ,HL Mountain Frame,Outdate
294,FR-M94S-46,12,Mountain Frames,"HL Mountain Frame - Silver, 46",Silver,1240.4545,46,M ,H ,U ,HL Mountain Frame,Outdate
295,FR-M94S-46,12,Mountain Frames,"HL Mountain Frame - Silver, 46",Silver,1364.5,46,M ,H ,U ,HL Mountain Frame,Current
296,FR-M94B-42,12,Mountain Frames,"HL Mountain Frame - Black, 42",Black,1191.1739,42,M ,H ,U ,HL Mountain Frame,Outdate
297,FR-M94B-42,12,Mountain Frames,"HL Mountain Frame - Black, 42",Black,1226.9091,42,M ,H ,U ,HL Mountain Frame,Outdate
298,FR-M94B-42,12,Mountain Frames,"HL Mountain Frame - Black, 42",Black,1349.6,42,M ,H ,U ,HL Mountain Frame,Current
299,FR-M94B-44,12,Mountain Frames,"HL Mountain Frame - Black, 44",Black,1349.6,44,M ,H ,U ,HL Mountain Frame,Outdate
300,FR-M94B-48,12,Mountain Frames,"HL Mountain Frame - Black, 48",Black,1349.6,48,M ,H ,U ,HL Mountain Frame,Outdate
301,FR-M94B-46,12,Mountain Frames,"HL Mountain Frame - Black, 46",Black,1191.1739,46,M ,H ,U ,HL Mountain Frame,Outdate
302,FR-M94B-46,12,Mountain Frames,"HL Mountain Frame - Black, 46",Black,1226.9091,46,M ,H ,U ,HL Mountain Frame,Outdate
303,FR-M94B-46,12,Mountain Frames,"HL Mountain Frame - Black, 46",Black,1349.6,46,M ,H ,U ,HL Mountain Frame,Current
304,FR-M94B-38,12,Mountain Frames,"HL Mountain Frame - Black, 38",Black,1191.1739,38,M ,H ,U ,HL Mountain Frame,Outdate
305,FR-M94B-38,12,Mountain Frames,"HL Mountain Frame - Black, 38",Black,1226.9091,38,M ,H ,U ,HL Mountain Frame,Outdate
306,FR-M94B-38,12,Mountain Frames,"HL Mountain Frame - Black, 38",Black,1349.6,38,M ,H ,U ,HL Mountain Frame,Current
307,FR-M94S-38,12,Mountain Frames,"HL Mountain Frame - Silver, 38",Silver,1204.3248,38,M ,H ,U ,HL Mountain Frame,Outdate
308,FR-M94S-38,12,Mountain Frames,"HL Mountain Frame - Silver, 38",Silver,1240.4545,38,M ,H ,U ,HL Mountain Frame,Outdate
309,FR-M94S-38,12,Mountain Frames,"HL Mountain Frame - Silver, 38",Silver,1364.5,38,M ,H ,U ,HL Mountain Frame,Current
310,BK-R93R-62,2,Road Bikes,"Road-150 Red, 62",Red,3578.27,62,R ,H ,U ,Road-150,Outdate
311,BK-R93R-44,2,Road Bikes,"Road-150 Red, 44",Red,3578.27,44,R ,H ,U ,Road-150,Outdate
312,BK-R93R-48,2,Road Bikes,"Road-150 Red, 48",Red,3578.27,48,R ,H ,U ,Road-150,Outdate
313,BK-R93R-52,2,Road Bikes,"Road-150 Red, 52",Red,3578.27,52,R ,H ,U ,Road-150,Outdate
314,BK-R93R-56,2,Road Bikes,"Road-150 Red, 56",Red,3578.27,56,R ,H ,U ,Road-150,Outdate
315,BK-R68R-58,2,Road Bikes,"Road-450 Red, 58",Red,1457.99,58,R ,M ,U ,Road-450,Outdate
316,BK-R68R-60,2,Road Bikes,"Road-450 Red, 60",Red,1457.99,60,R ,M ,U ,Road-450,Outdate
317,BK-R68R-44,2,Road Bikes,"Road-450 Red, 44",Red,1457.99,44,R ,M ,U ,Road-450,Outdate
318,BK-R68R-48,2,Road Bikes,"Road-450 Red, 48",Red,1457.99,48,R ,M ,U ,Road-450,Outdate
319,BK-R68R-52,2,Road Bikes,"Road-450 Red, 52",Red,1457.99,52,R ,M ,U ,Road-450,Outdate
320,BK-R50R-58,2,Road Bikes,"Road-650 Red, 58",Red,699.0982,58,R ,L ,U ,Road-650,Outdate
321,BK-R50R-58,2,Road Bikes,"Road-650 Red, 58",Red,782.99,58,R ,L ,U ,Road-650,Outdate
322,BK-R50R-60,2,Road Bikes,"Road-650 Red, 60",Red,699.0982,60,R ,L ,U ,Road-650,Outdate
323,BK-R50R-60,2,Road Bikes,"Road-650 Red, 60",Red,782.99,60,R ,L ,U ,Road-650,Outdate
324,BK-R50R-62,2,Road Bikes,"Road-650 Red, 62",Red,699.0982,62,R ,L ,U ,Road-650,Outdate
325,BK-R50R-62,2,Road Bikes,"Road-650 Red, 62",Red,782.99,62,R ,L ,U ,Road-650,Outdate
326,BK-R50R-44,2,Road Bikes,"Road-650 Red, 44",Red,699.0982,44,R ,L ,U ,Road-650,Outdate
327,BK-R50R-44,2,Road Bikes,"Road-650 Red, 44",Red,782.99,44,R ,L ,U ,Road-650,Outdate
328,BK-R50R-48,2,Road Bikes,"Road-650 Red, 48",Red,699.0982,48,R ,L ,U ,Road-650,Outdate
329,BK-R50R-48,2,Road Bikes,"Road-650 Red, 48",Red,782.99,48,R ,L ,U ,Road-650,Outdate
330,BK-R50R-52,2,Road Bikes,"Road-650 Red, 52",Red,699.0982,52,R ,L ,U ,Road-650,Outdate
331,BK-R50R-52,2,Road Bikes,"Road-650 Red, 52",Red,782.99,52,R ,L ,U ,Road-650,Outdate
332,BK-R50B-58,2,Road Bikes,"Road-650 Black, 58",Black,699.0982,58,R ,L ,U ,Road-650,Outdate
333,BK-R50B-58,2,Road Bikes,"Road-650 Black, 58",Black,782.99,58,R ,L ,U ,Road-650,Outdate
334,BK-R50B-60,2,Road Bikes,"Road-650 Black, 60",Black,699.0982,60,R ,L ,U ,Road-650,Outdate
335,BK-R50B-60,2,Road Bikes,"Road-650 Black, 60",Black,782.99,60,R ,L ,U ,Road-650,Outdate
336,BK-R50B-62,2,Road Bikes,"Road-650 Black, 62",Black,699.0982,62,R ,L ,U ,Road-650,Outdate
337,BK-R50B-62,2,Road Bikes,"Road-650 Black, 62",Black,782.99,62,R ,L ,U ,Road-650,Outdate
338,BK-R50B-44,2,Road Bikes,"Road-650 Black, 44",Black,699.0982,44,R ,L ,U ,Road-650,Outdate
339,BK-R50B-44,2,Road Bikes,"Road-650 Black, 44",Black,782.99,44,R ,L ,U ,Road-650,Outdate
340,BK-R50B-48,2,Road Bikes,"Road-650 Black, 48",Black,699.0982,48,R ,L ,U ,Road-650,Outdate
341,BK-R50B-48,2,Road Bikes,"Road-650 Black, 48",Black,782.99,48,R ,L ,U ,Road-650,Outdate
342,BK-R50B-52,2,Road Bikes,"Road-650 Black, 52",Black,699.0982,52,R ,L ,U ,Road-650,Outdate
343,BK-R50B-52,2,Road Bikes,"Road-650 Black, 52",Black,782.99,52,R ,L ,U ,Road-650,Outdate
344,BK-M82S-38,1,Mountain Bikes,"Mountain-100 Silver, 38",Silver,3399.99,38,M ,H ,U ,Mountain-100,Outdate
345,BK-M82S-42,1,Mountain Bikes,"Mountain-100 Silver, 42",Silver,3399.99,42,M ,H ,U ,Mountain-100,Outdate
346,BK-M82S-44,1,Mountain Bikes,"Mountain-100 Silver, 44",Silver,3399.99,44,M ,H ,U ,Mountain-100,Outdate
347,BK-M82S-48,1,Mountain Bikes,"Mountain-100 Silver, 48",Silver,3399.99,48,M ,H ,U ,Mountain-100,Outdate
348,BK-M82B-38,1,Mountain Bikes,"Mountain-100 Black, 38",Black,3374.99,38,M ,H ,U ,Mountain-100,Outdate
349,BK-M82B-42,1,Mountain Bikes,"Mountain-100 Black, 42",Black,3374.99,42,M ,H ,U ,Mountain-100,Outdate
350,BK-M82B-44,1,Mountain Bikes,"Mountain-100 Black, 44",Black,3374.99,44,M ,H ,U ,Mountain-100,Outdate
351,BK-M82B-48,1,Mountain Bikes,"Mountain-100 Black, 48",Black,3374.99,48,M ,H ,U ,Mountain-100,Outdate
352,BK-M68S-38,1,Mountain Bikes,"Mountain-200 Silver, 38",Silver,2071.4196,38,M ,H ,U ,Mountain-200,Outdate
353,BK-M68S-38,1,Mountain Bikes,"Mountain-200 Silver, 38",Silver,2319.99,38,M ,H ,U ,Mountain-200,Current
354,BK-M68S-42,1,Mountain Bikes,"Mountain-200 Silver, 42",Silver,2071.4196,42,M ,H ,U ,Mountain-200,Outdate
355,BK-M68S-42,1,Mountain Bikes,"Mountain-200 Silver, 42",Silver,2319.99,42,M ,H ,U ,Mountain-200,Current
356,BK-M68S-46,1,Mountain Bikes,"Mountain-200 Silver, 46",Silver,2071.4196,46,M ,H ,U ,Mountain-200,Outdate
357,BK-M68S-46,1,Mountain Bikes,"Mountain-200 Silver, 46",Silver,2319.99,46,M ,H ,U ,Mountain-200,Current
358,BK-M68B-38,1,Mountain Bikes,"Mountain-200 Black, 38",Black,2049.0982,38,M ,H ,U ,Mountain-200,Outdate
359,BK-M68B-38,1,Mountain Bikes,"Mountain-200 Black, 38",Black,2294.99,38,M ,H ,U ,Mountain-200,Current
360,BK-M68B-42,1,Mountain Bikes,"Mountain-200 Black, 42",Black,2049.0982,42,M ,H ,U ,Mountain-200,Outdate
361,BK-M68B-42,1,Mountain Bikes,"Mountain-200 Black, 42",Black,2294.99,42,M ,H ,U ,Mountain-200,Current
362,BK-M68B-46,1,Mountain Bikes,"Mountain-200 Black, 46",Black,2049.0982,46,M ,H ,U ,Mountain-200,Outdate
363,BK-M68B-46,1,Mountain Bikes,"Mountain-200 Black, 46",Black,2294.99,46,M ,H ,U ,Mountain-200,Current
364,BK-M47B-38,1,Mountain Bikes,"Mountain-300 Black, 38",Black,1079.99,38,M ,M ,U ,Mountain-300,Outdate
365,BK-M47B-40,1,Mountain Bikes,"Mountain-300 Black, 40",Black,1079.99,40,M ,M ,U ,Mountain-300,Outdate
366,BK-M47B-44,1,Mountain Bikes,"Mountain-300 Black, 44",Black,1079.99,44,M ,M ,U ,Mountain-300,Outdate
367,BK-M47B-48,1,Mountain Bikes,"Mountain-300 Black, 48",Black,1079.99,48,M ,M ,U ,Mountain-300,Outdate
368,BK-R89R-44,2,Road Bikes,"Road-250 Red, 44",Red,2443.35,44,R ,H ,U ,Road-250,Outdate
369,BK-R89R-48,2,Road Bikes,"Road-250 Red, 48",Red,2443.35,48,R ,H ,U ,Road-250,Outdate
370,BK-R89R-52,2,Road Bikes,"Road-250 Red, 52",Red,2443.35,52,R ,H ,U ,Road-250,Outdate
371,BK-R89R-58,2,Road Bikes,"Road-250 Red, 58",Red,2181.5625,58,R ,H ,U ,Road-250,Outdate
372,BK-R89R-58,2,Road Bikes,"Road-250 Red, 58",Red,2443.35,58,R ,H ,U ,Road-250,Current
373,BK-R89B-44,2,Road Bikes,"Road-250 Black, 44",Black,2181.5625,44,R ,H ,U ,Road-250,Outdate
374,BK-R89B-44,2,Road Bikes,"Road-250 Black, 44",Black,2443.35,44,R ,H ,U ,Road-250,Current
375,BK-R89B-48,2,Road Bikes,"Road-250 Black, 48",Black,2181.5625,48,R ,H ,U ,Road-250,Outdate
376,BK-R89B-48,2,Road Bikes,"Road-250 Black, 48",Black,2443.35,48,R ,H ,U ,Road-250,Current
377,BK-R89B-52,2,Road Bikes,"Road-250 Black, 52",Black,2181.5625,52,R ,H ,U ,Road-250,Outdate
378,BK-R89B-52,2,Road Bikes,"Road-250 Black, 52",Black,2443.35,52,R ,H ,U ,Road-250,Current
379,BK-R89B-58,2,Road Bikes,"Road-250 Black, 58",Black,2181.5625,58,R ,H ,U ,Road-250,Outdate
380,BK-R89B-58,2,Road Bikes,"Road-250 Black, 58",Black,2443.35,58,R ,H ,U ,Road-250,Current
381,BK-R64Y-38,2,Road Bikes,"Road-550-W Yellow, 38",Yellow,1000.4375,38,R ,M ,W ,Road-550-W,Outdate
382,BK-R64Y-38,2,Road Bikes,"Road-550-W Yellow, 38",Yellow,1120.49,38,R ,M ,W ,Road-550-W,Current
383,BK-R64Y-40,2,Road Bikes,"Road-550-W Yellow, 40",Yellow,1000.4375,40,R ,M ,W ,Road-550-W,Outdate
384,BK-R64Y-40,2,Road Bikes,"Road-550-W Yellow, 40",Yellow,1120.49,40,R ,M ,W ,Road-550-W,Current
385,BK-R64Y-42,2,Road Bikes,"Road-550-W Yellow, 42",Yellow,1000.4375,42,R ,M ,W ,Road-550-W,Outdate
386,BK-R64Y-42,2,Road Bikes,"Road-550-W Yellow, 42",Yellow,1120.49,42,R ,M ,W ,Road-550-W,Current
387,BK-R64Y-44,2,Road Bikes,"Road-550-W Yellow, 44",Yellow,1000.4375,44,R ,M ,W ,Road-550-W,Outdate
388,BK-R64Y-44,2,Road Bikes,"Road-550-W Yellow, 44",Yellow,1120.49,44,R ,M ,W ,Road-550-W,Current
389,BK-R64Y-48,2,Road Bikes,"Road-550-W Yellow, 48",Yellow,1000.4375,48,R ,M ,W ,Road-550-W,Outdate
390,BK-R64Y-48,2,Road Bikes,"Road-550-W Yellow, 48",Yellow,1120.49,48,R ,M ,W ,Road-550-W,Current
391,FK-1639,10,Forks,LL Fork,NA,148.22,NULL,NULL,L ,NULL,LL Fork,Outdate
392,FK-5136,10,Forks,ML Fork,NA,175.49,NULL,NULL,M ,NULL,ML Fork,Outdate
393,FK-9939,10,Forks,HL Fork,NA,229.49,NULL,NULL,H ,NULL,HL Fork,Outdate
394,HS-0296,11,Headsets,LL Headset,NA,34.2,NULL,NULL,L ,NULL,LL Headset,Outdate
395,HS-2451,11,Headsets,ML Headset,NA,102.29,NULL,NULL,M ,NULL,ML Headset,Outdate
396,HS-3479,11,Headsets,HL Headset,NA,124.73,NULL,NULL,H ,NULL,HL Headset,Outdate
397,HB-M243,4,Handlebars,LL Mountain Handlebars,NA,40.4909,NULL,M ,L ,NULL,LL Mountain Handlebars,Outdate
398,HB-M243,4,Handlebars,LL Mountain Handlebars,NA,44.54,NULL,M ,L ,NULL,LL Mountain Handlebars,Current
399,HB-M763,4,Handlebars,ML Mountain Handlebars,NA,56.2909,NULL,M ,M ,NULL,ML Mountain Handlebars,Outdate
400,HB-M763,4,Handlebars,ML Mountain Handlebars,NA,61.92,NULL,M ,M ,NULL,ML Mountain Handlebars,Current
401,HB-M918,4,Handlebars,HL Mountain Handlebars,NA,109.3364,NULL,M ,H ,NULL,HL Mountain Handlebars,Outdate
402,HB-M918,4,Handlebars,HL Mountain Handlebars,NA,120.27,NULL,M ,H ,NULL,HL Mountain Handlebars,Current
403,HB-R504,4,Handlebars,LL Road Handlebars,NA,40.4909,NULL,R ,L ,NULL,LL Road Handlebars,Outdate
404,HB-R504,4,Handlebars,LL Road Handlebars,NA,44.54,NULL,R ,L ,NULL,LL Road Handlebars,Current
405,HB-R720,4,Handlebars,ML Road Handlebars,NA,56.2909,NULL,R ,M ,NULL,ML Road Handlebars,Outdate
406,HB-R720,4,Handlebars,ML Road Handlebars,NA,61.92,NULL,R ,M ,NULL,ML Road Handlebars,Current
407,HB-R956,4,Handlebars,HL Road Handlebars,NA,109.3364,NULL,R ,H ,NULL,HL Road Handlebars,Outdate
408,HB-R956,4,Handlebars,HL Road Handlebars,NA,120.27,NULL,R ,H ,NULL,HL Road Handlebars,Current
409,FR-M63B-38,12,Mountain Frames,"ML Mountain Frame - Black, 38",Black,348.76,38,M ,M ,U ,ML Mountain Frame-W,Outdate
410,FW-M423,17,Wheels,LL Mountain Front Wheel,Black,60.745,NULL,M ,L ,NULL,LL Mountain Front Wheel,Outdate
411,FW-M762,17,Wheels,ML Mountain Front Wheel,Black,209.025,NULL,M ,M ,NULL,ML Mountain Front Wheel,Outdate
412,FW-M928,17,Wheels,HL Mountain Front Wheel,Black,300.215,NULL,M ,H ,NULL,HL Mountain Front Wheel,Outdate
413,FW-R623,17,Wheels,LL Road Front Wheel,Black,85.565,NULL,R ,L ,NULL,LL Road Front Wheel,Outdate
414,FW-R762,17,Wheels,ML Road Front Wheel,Black,248.385,NULL,R ,M ,NULL,ML Road Front Wheel,Outdate
415,FW-R820,17,Wheels,HL Road Front Wheel,Black,330.06,NULL,R ,H ,NULL,HL Road Front Wheel,Outdate
416,FW-T905,17,Wheels,Touring Front Wheel,Black,218.01,NULL,T ,NULL,NULL,Touring Front Wheel,Outdate
417,FR-R72Y-38,14,Road Frames,"ML Road Frame-W - Yellow, 38",Yellow,540.7545,38,R ,M ,W ,ML Road Frame-W,Outdate
418,FR-R72Y-38,14,Road Frames,"ML Road Frame-W - Yellow, 38",Yellow,594.83,38,R ,M ,W ,ML Road Frame-W,Current
419,RW-M423,17,Wheels,LL Mountain Rear Wheel,Black,87.745,NULL,M ,L ,NULL,LL Mountain Rear Wheel,Outdate
420,RW-M762,17,Wheels,ML Mountain Rear Wheel,Black,236.025,NULL,M ,M ,NULL,ML Mountain Rear Wheel,Outdate
421,RW-M928,17,Wheels,HL Mountain Rear Wheel,Black,327.215,NULL,M ,H ,NULL,HL Mountain Rear Wheel,Outdate
422,RW-R623,17,Wheels,LL Road Rear Wheel,Black,112.565,NULL,R ,L ,NULL,LL Road Rear Wheel,Outdate
423,RW-R762,17,Wheels,ML Road Rear Wheel,Black,275.385,NULL,R ,M ,NULL,ML Road Rear Wheel,Outdate
424,RW-R820,17,Wheels,HL Road Rear Wheel,Black,357.06,NULL,R ,H ,NULL,HL Road Rear Wheel,Outdate
425,RW-T905,17,Wheels,Touring Rear Wheel,Black,245.01,NULL,T ,NULL,NULL,Touring Rear Wheel,Outdate
426,FR-M63B-40,12,Mountain Frames,"ML Mountain Frame - Black, 40",Black,348.76,40,M ,M ,U ,ML Mountain Frame,Outdate
427,FR-M63B-44,12,Mountain Frames,"ML Mountain Frame - Black, 44",Black,348.76,44,M ,M ,U ,ML Mountain Frame,Outdate
428,FR-M63B-48,12,Mountain Frames,"ML Mountain Frame - Black, 48",Black,348.76,48,M ,M ,U ,ML Mountain Frame,Outdate
429,FR-R72Y-40,14,Road Frames,"ML Road Frame-W - Yellow, 40",Yellow,540.7545,40,R ,M ,W ,ML Road Frame-W,Outdate
430,FR-R72Y-40,14,Road Frames,"ML Road Frame-W - Yellow, 40",Yellow,594.83,40,R ,M ,W ,ML Road Frame-W,Current
431,FR-R72Y-42,14,Road Frames,"ML Road Frame-W - Yellow, 42",Yellow,540.7545,42,R ,M ,W ,ML Road Frame-W,Outdate
432,FR-R72Y-42,14,Road Frames,"ML Road Frame-W - Yellow, 42",Yellow,594.83,42,R ,M ,W ,ML Road Frame-W,Current
433,FR-R72Y-44,14,Road Frames,"ML Road Frame-W - Yellow, 44",Yellow,540.7545,44,R ,M ,W ,ML Road Frame-W,Outdate
434,FR-R72Y-44,14,Road Frames,"ML Road Frame-W - Yellow, 44",Yellow,594.83,44,R ,M ,W ,ML Road Frame-W,Current
435,FR-R72Y-48,14,Road Frames,"ML Road Frame-W - Yellow, 48",Yellow,540.7545,48,R ,M ,W ,ML Road Frame-W,Outdate
436,FR-R72Y-48,14,Road Frames,"ML Road Frame-W - Yellow, 48",Yellow,594.83,48,R ,M ,W ,ML Road Frame-W,Current
437,FR-R92B-62,14,Road Frames,"HL Road Frame - Black, 62",Black,1301.3636,62,R ,H ,U ,HL Road Frame,Outdate
438,FR-R92B-62,14,Road Frames,"HL Road Frame - Black, 62",Black,1431.5,62,R ,H ,U ,HL Road Frame,Current
439,FR-R92B-44,14,Road Frames,"HL Road Frame - Black, 44",Black,1301.3636,44,R ,H ,U ,HL Road Frame,Outdate
440,FR-R92B-44,14,Road Frames,"HL Road Frame - Black, 44",Black,1431.5,44,R ,H ,U ,HL Road Frame,Current
441,FR-R92B-48,14,Road Frames,"HL Road Frame - Black, 48",Black,1301.3636,48,R ,H ,U ,HL Road Frame,Outdate
442,FR-R92B-48,14,Road Frames,"HL Road Frame - Black, 48",Black,1431.5,48,R ,H ,U ,HL Road Frame,Current
443,FR-R92B-52,14,Road Frames,"HL Road Frame - Black, 52",Black,1301.3636,52,R ,H ,U ,HL Road Frame,Outdate
444,FR-R92B-52,14,Road Frames,"HL Road Frame - Black, 52",Black,1431.5,52,R ,H ,U ,HL Road Frame,Current
445,SH-M897-S,22,Shorts,"Men's Sports Shorts, S",Black,59.99,S,S ,NULL,M ,Men's Sports Shorts,Outdate
446,PA-T100,35,Panniers,"Touring-Panniers, Large",Grey,125,NULL,T ,NULL,NULL,Touring-Panniers,Outdate
447,LO-C100,34,Locks,Cable Lock,NA,25,NULL,S ,NULL,NULL,Cable Lock,Outdate
448,PU-0452,36,Pumps,Minipump,NA,19.99,NULL,S ,NULL,NULL,Minipump,Outdate
449,PU-M044,36,Pumps,Mountain Pump,NA,24.99,NULL,M ,NULL,NULL,Mountain Pump,Outdate
450,LT-T990,33,Lights,Taillights - Battery-Powered,NA,13.99,NULL,R ,NULL,NULL,Taillight,Outdate
451,LT-H902,33,Lights,Headlights - Dual-Beam,NA,34.99,NULL,R ,NULL,NULL,Headlights - Dual-Beam,Outdate
452,LT-H903,33,Lights,Headlights - Weatherproof,NA,44.99,NULL,R ,NULL,NULL,Headlights - Weatherproof,Outdate
453,SH-M897-M,22,Shorts,"Men's Sports Shorts, M",Black,59.99,M,S ,NULL,M ,Men's Sports Shorts,Outdate
454,SH-M897-L,22,Shorts,"Men's Sports Shorts, L",Black,59.99,L,S ,NULL,M ,Men's Sports Shorts,Outdate
455,SH-M897-X,22,Shorts,"Men's Sports Shorts, XL",Black,59.99,XL,S ,NULL,M ,Men's Sports Shorts,Outdate
456,TG-W091-S,24,Tights,"Women's Tights, S",Black,74.99,S,S ,NULL,W ,Women's Tights,Outdate
457,TG-W091-M,24,Tights,"Women's Tights, M",Black,74.99,M,S ,NULL,W ,Women's Tights,Outdate
458,TG-W091-L,24,Tights,"Women's Tights, L",Black,74.99,L,S ,NULL,W ,Women's Tights,Outdate
459,SB-M891-S,18,Bib-Shorts,"Men's Bib-Shorts, S",Multi,89.99,S,S ,NULL,M ,Men's Bib-Shorts,Outdate
460,SB-M891-M,18,Bib-Shorts,"Men's Bib-Shorts, M",Multi,89.99,M,S ,NULL,M ,Men's Bib-Shorts,Outdate
461,SB-M891-L,18,Bib-Shorts,"Men's Bib-Shorts, L",Multi,89.99,L,S ,NULL,M ,Men's Bib-Shorts,Outdate
462,GL-H102-S,20,Gloves,"Half-Finger Gloves, S",Black,23.5481,S,S ,NULL,U ,Half-Finger Gloves,Outdate
463,GL-H102-S,20,Gloves,"Half-Finger Gloves, S",Black,24.49,S,S ,NULL,U ,Half-Finger Gloves,Current
464,GL-H102-M,20,Gloves,"Half-Finger Gloves, M",Black,23.5481,M,S ,NULL,U ,Half-Finger Gloves,Outdate
465,GL-H102-M,20,Gloves,"Half-Finger Gloves, M",Black,24.49,M,S ,NULL,U ,Half-Finger Gloves,Current
466,GL-H102-L,20,Gloves,"Half-Finger Gloves, L",Black,23.5481,L,S ,NULL,U ,Half-Finger Gloves,Outdate
467,GL-H102-L,20,Gloves,"Half-Finger Gloves, L",Black,24.49,L,S ,NULL,U ,Half-Finger Gloves,Current
468,GL-F110-S,20,Gloves,"Full-Finger Gloves, S",Black,37.99,S,M ,NULL,U ,Full-Finger Gloves,Outdate
469,GL-F110-M,20,Gloves,"Full-Finger Gloves, M",Black,37.99,M,M ,NULL,U ,Full-Finger Gloves,Outdate
470,GL-F110-L,20,Gloves,"Full-Finger Gloves, L",Black,37.99,L,M ,NULL,U ,Full-Finger Gloves,Outdate
471,VE-C304-S,25,Vests,"Classic Vest, S",Blue,63.5,S,S ,NULL,U ,Classic Vest,Current
472,VE-C304-M,25,Vests,"Classic Vest, M",Blue,63.5,M,S ,NULL,U ,Classic Vest,Current
473,VE-C304-L,25,Vests,"Classic Vest, L",Blue,63.5,L,S ,NULL,U ,Classic Vest,Current
474,SH-W890-S,22,Shorts,"Women's Mountain Shorts, S",Black,69.99,S,M ,NULL,W ,Women's Mountain Shorts,Current
475,SH-W890-M,22,Shorts,"Women's Mountain Shorts, M",Black,69.99,M,M ,NULL,W ,Women's Mountain Shorts,Current
476,SH-W890-L,22,Shorts,"Women's Mountain Shorts, L",Black,69.99,L,M ,NULL,W ,Women's Mountain Shorts,Current
477,WB-H098,28,Bottles and Cages,Water Bottle - 30 oz.,NA,4.99,NULL,S ,NULL,NULL,Water Bottle,Current
478,BC-M005,28,Bottles and Cages,Mountain Bottle Cage,NA,9.99,NULL,M ,NULL,NULL,Mountain Bottle Cage,Current
479,BC-R205,28,Bottles and Cages,Road Bottle Cage,NA,8.99,NULL,R ,NULL,NULL,Road Bottle Cage,Current
480,PK-7098,37,Tires and Tubes,Patch Kit/8 Patches,NA,2.29,NULL,S ,NULL,NULL,Patch kit,Current
481,SO-R809-M,23,Socks,"Racing Socks, M",White,8.99,M,R ,NULL,U ,Racing Socks,Current
482,SO-R809-L,23,Socks,"Racing Socks, L",White,8.99,L,R ,NULL,U ,Racing Socks,Current
483,RA-H123,26,Bike Racks,Hitch Rack - 4-Bike,NA,120,NULL,S ,NULL,NULL,Hitch Rack - 4-Bike,Current
484,CL-9009,29,Cleaners,Bike Wash - Dissolver,NA,7.95,NULL,S ,NULL,NULL,Bike Wash,Current
485,FE-6654,30,Fenders,Fender Set - Mountain,NA,21.98,NULL,M ,NULL,NULL,Fender Set - Mountain,Current
486,ST-1401,27,Bike Stands,All-Purpose Bike Stand,NA,159,NULL,M ,NULL,NULL,All-Purpose Bike Stand,Current
487,HY-1023-70,32,Hydration Packs,Hydration Pack - 70 oz.,Silver,54.99,70,S ,NULL,NULL,Hydration Pack,Current
488,SJ-0194-S,21,Jerseys,"Short-Sleeve Classic Jersey, S",Yellow,53.99,S,S ,NULL,U ,Short-Sleeve Classic Jersey,Current
489,SJ-0194-M,21,Jerseys,"Short-Sleeve Classic Jersey, M",Yellow,53.99,M,S ,NULL,U ,Short-Sleeve Classic Jersey,Current
490,SJ-0194-L,21,Jerseys,"Short-Sleeve Classic Jersey, L",Yellow,53.99,L,S ,NULL,U ,Short-Sleeve Classic Jersey,Current
491,SJ-0194-X,21,Jerseys,"Short-Sleeve Classic Jersey, XL",Yellow,53.99,XL,S ,NULL,U ,Short-Sleeve Classic Jersey,Current
492,FR-T98Y-60,16,Touring Frames,"HL Touring Frame - Yellow, 60",Yellow,1003.91,60,T ,H ,U ,HL Touring Frame,Current
493,FR-T67Y-62,16,Touring Frames,"LL Touring Frame - Yellow, 62",Yellow,333.42,62,T ,L ,U ,LL Touring Frame,Current
494,FR-T98Y-46,16,Touring Frames,"HL Touring Frame - Yellow, 46",Yellow,1003.91,46,T ,H ,U ,HL Touring Frame,Current
495,FR-T98Y-50,16,Touring Frames,"HL Touring Frame - Yellow, 50",Yellow,1003.91,50,T ,H ,U ,HL Touring Frame,Current
496,FR-T98Y-54,16,Touring Frames,"HL Touring Frame - Yellow, 54",Yellow,1003.91,54,T ,H ,U ,HL Touring Frame,Current
497,FR-T98U-46,16,Touring Frames,"HL Touring Frame - Blue, 46",Blue,1003.91,46,T ,H ,U ,HL Touring Frame,Current
498,FR-T98U-50,16,Touring Frames,"HL Touring Frame - Blue, 50",Blue,1003.91,50,T ,H ,U ,HL Touring Frame,Current
499,FR-T98U-54,16,Touring Frames,"HL Touring Frame - Blue, 54",Blue,1003.91,54,T ,H ,U ,HL Touring Frame,Current
500,FR-T98U-60,16,Touring Frames,"HL Touring Frame - Blue, 60",Blue,1003.91,60,T ,H ,U ,HL Touring Frame,Current
501,RD-2308,9,Derailleurs,Rear Derailleur,Silver,121.46,NULL,NULL,NULL,NULL,Rear Derailleur,Current
502,FR-T67U-50,16,Touring Frames,"LL Touring Frame - Blue, 50",Blue,333.42,50,T ,L ,U ,LL Touring Frame,Current
503,FR-T67U-54,16,Touring Frames,"LL Touring Frame - Blue, 54",Blue,333.42,54,T ,L ,U ,LL Touring Frame,Current
504,FR-T67U-58,16,Touring Frames,"LL Touring Frame - Blue, 58",Blue,333.42,58,T ,L ,U ,LL Touring Frame,Current
505,FR-T67U-62,16,Touring Frames,"LL Touring Frame - Blue, 62",Blue,333.42,62,T ,L ,U ,LL Touring Frame,Current
506,FR-T67Y-44,16,Touring Frames,"LL Touring Frame - Yellow, 44",Yellow,333.42,44,T ,L ,U ,LL Touring Frame,Current
507,FR-T67Y-50,16,Touring Frames,"LL Touring Frame - Yellow, 50",Yellow,333.42,50,T ,L ,U ,LL Touring Frame,Current
508,FR-T67Y-54,16,Touring Frames,"LL Touring Frame - Yellow, 54",Yellow,333.42,54,T ,L ,U ,LL Touring Frame,Current
509,FR-T67Y-58,16,Touring Frames,"LL Touring Frame - Yellow, 58",Yellow,333.42,58,T ,L ,U ,LL Touring Frame,Current
510,FR-T67U-44,16,Touring Frames,"LL Touring Frame - Blue, 44",Blue,333.42,44,T ,L ,U ,LL Touring Frame,Current
511,FR-M63S-40,12,Mountain Frames,"ML Mountain Frame-W - Silver, 40",Silver,364.09,40,M ,M ,W ,ML Mountain Frame-W,Current
512,FR-M63S-42,12,Mountain Frames,"ML Mountain Frame-W - Silver, 42",Silver,364.09,42,M ,M ,W ,ML Mountain Frame-W,Current
513,FR-M63S-46,12,Mountain Frames,"ML Mountain Frame-W - Silver, 46",Silver,364.09,46,M ,M ,W ,ML Mountain Frame-W,Current
514,RB-9231,6,Brakes,Rear Brakes,Silver,106.5,NULL,NULL,NULL,NULL,Rear Brakes,Current
515,SE-M236,15,Saddles,LL Mountain Seat/Saddle,NA,27.12,NULL,M ,L ,NULL,LL Mountain Seat/Saddle 2,Current
516,SE-M798,15,Saddles,ML Mountain Seat/Saddle,NA,39.14,NULL,M ,M ,NULL,ML Mountain Seat/Saddle 2,Current
517,SE-M940,15,Saddles,HL Mountain Seat/Saddle,NA,52.64,NULL,M ,H ,NULL,HL Mountain Seat/Saddle 2,Current
518,SE-R581,15,Saddles,LL Road Seat/Saddle,NA,27.12,NULL,R ,L ,NULL,LL Road Seat/Saddle 1,Current
519,SE-R908,15,Saddles,ML Road Seat/Saddle,NA,39.14,NULL,T ,M ,NULL,ML Road Seat/Saddle 2,Current
520,SE-R995,15,Saddles,HL Road Seat/Saddle,NA,52.64,NULL,R ,H ,NULL,HL Road Seat/Saddle 2,Current
521,SE-T312,15,Saddles,LL Touring Seat/Saddle,NA,27.12,NULL,T ,L ,NULL,LL Touring Seat/Saddle,Current
522,SE-T762,15,Saddles,ML Touring Seat/Saddle,NA,39.14,NULL,T ,M ,NULL,ML Touring Seat/Saddle,Current
523,SE-T924,15,Saddles,HL Touring Seat/Saddle,NA,52.64,NULL,T ,H ,NULL,HL Touring Seat/Saddle,Current
524,FR-M21S-42,12,Mountain Frames,"LL Mountain Frame - Silver, 42",Silver,264.05,42,M ,L ,U ,LL Mountain Frame,Current
525,FR-M21S-44,12,Mountain Frames,"LL Mountain Frame - Silver, 44",Silver,264.05,44,M ,L ,U ,LL Mountain Frame,Current
526,FR-M21S-48,12,Mountain Frames,"LL Mountain Frame - Silver, 48",Silver,264.05,48,M ,L ,U ,LL Mountain Frame,Current
527,FR-M21S-52,12,Mountain Frames,"LL Mountain Frame - Silver, 52",Silver,264.05,52,M ,L ,U ,LL Mountain Frame,Current
528,TT-M928,37,Tires and Tubes,Mountain Tire Tube,NA,4.99,NULL,M ,NULL,NULL,Mountain Tire Tube,Current
529,TT-R982,37,Tires and Tubes,Road Tire Tube,NA,3.99,NULL,R ,NULL,NULL,Road Tire Tube,Current
530,TT-T092,37,Tires and Tubes,Touring Tire Tube,NA,4.99,NULL,T ,NULL,NULL,Touring Tire Tube,Current
531,FR-M21B-42,12,Mountain Frames,"LL Mountain Frame - Black, 42",Black,249.79,42,M ,L ,U ,LL Mountain Frame,Current
532,FR-M21B-44,12,Mountain Frames,"LL Mountain Frame - Black, 44",Black,249.79,44,M ,L ,U ,LL Mountain Frame,Current
533,FR-M21B-48,12,Mountain Frames,"LL Mountain Frame - Black, 48",Black,249.79,48,M ,L ,U ,LL Mountain Frame,Current
534,FR-M21B-52,12,Mountain Frames,"LL Mountain Frame - Black, 52",Black,249.79,52,M ,L ,U ,LL Mountain Frame,Current
535,TI-M267,37,Tires and Tubes,LL Mountain Tire,NA,24.99,NULL,M ,L ,NULL,LL Mountain Tire,Current
536,TI-M602,37,Tires and Tubes,ML Mountain Tire,NA,29.99,NULL,M ,M ,NULL,ML Mountain Tire,Current
537,TI-M823,37,Tires and Tubes,HL Mountain Tire,NA,35,NULL,M ,H ,NULL,HL Mountain Tire,Current
538,TI-R092,37,Tires and Tubes,LL Road Tire,NA,21.49,NULL,R ,L ,NULL,LL Road Tire,Current
539,TI-R628,37,Tires and Tubes,ML Road Tire,NA,24.99,NULL,R ,M ,NULL,ML Road Tire,Current
540,TI-R982,37,Tires and Tubes,HL Road Tire,NA,32.6,NULL,R ,H ,NULL,HL Road Tire,Current
541,TI-T723,37,Tires and Tubes,Touring Tire,NA,28.99,NULL,T ,NULL,NULL,Touring Tire,Current
542,PD-M282,13,Pedals,LL Mountain Pedal,Silver/Black,40.49,NULL,M ,L ,NULL,LL Mountain Pedal,Current
543,PD-M340,13,Pedals,ML Mountain Pedal,Silver/Black,62.09,NULL,M ,M ,NULL,ML Mountain Pedal,Current
544,PD-M562,13,Pedals,HL Mountain Pedal,Silver/Black,80.99,NULL,M ,H ,NULL,HL Mountain Pedal,Current
545,PD-R347,13,Pedals,LL Road Pedal,Silver/Black,40.49,NULL,R ,L ,NULL,LL Road Pedal,Current
546,PD-R563,13,Pedals,ML Road Pedal,Silver/Black,62.09,NULL,R ,M ,NULL,ML Road Pedal,Current
547,PD-R853,13,Pedals,HL Road Pedal,Silver/Black,80.99,NULL,R ,H ,NULL,HL Road Pedal,Current
548,PD-T852,13,Pedals,Touring Pedal,Silver/Black,80.99,NULL,T ,NULL,NULL,Touring Pedal,Current
549,FR-M63S-38,12,Mountain Frames,"ML Mountain Frame-W - Silver, 38",Silver,364.09,38,M ,M ,W ,ML Mountain Frame-W,Current
550,FR-M21B-40,12,Mountain Frames,"LL Mountain Frame - Black, 40",Black,249.79,40,M ,L ,U ,LL Mountain Frame,Current
551,FR-M21S-40,12,Mountain Frames,"LL Mountain Frame - Silver, 40",Silver,264.05,40,M ,L ,U ,LL Mountain Frame,Current
552,FD-2342,9,Derailleurs,Front Derailleur,Silver,91.49,NULL,NULL,NULL,NULL,Front Derailleur,Current
553,HB-T721,4,Handlebars,LL Touring Handlebars,NA,46.09,NULL,T ,L ,NULL,LL Touring Handlebars,Current
554,HB-T928,4,Handlebars,HL Touring Handlebars,NA,91.57,NULL,T ,H ,NULL,HL Touring Handlebars,Current
555,FB-9873,6,Brakes,Front Brakes,Silver,106.5,NULL,NULL,NULL,NULL,Front Brakes,Current
556,CS-4759,8,Cranksets,LL Crankset,Black,175.49,NULL,NULL,L ,NULL,LL Crankset,Current
557,CS-6583,8,Cranksets,ML Crankset,Black,256.49,NULL,NULL,M ,NULL,ML Crankset,Current
558,CS-9183,8,Cranksets,HL Crankset,Black,404.99,NULL,NULL,H ,NULL,HL Crankset,Current
559,CH-0234,7,Chains,Chain,Silver,20.24,NULL,NULL,NULL,NULL,Chain,Current
560,BK-T44U-60,3,Touring Bikes,"Touring-2000 Blue, 60",Blue,1214.85,60,T ,M ,U ,Touring-2000,Current
561,BK-T79Y-46,3,Touring Bikes,"Touring-1000 Yellow, 46",Yellow,2384.07,46,T ,H ,U ,Touring-1000,Current
562,BK-T79Y-50,3,Touring Bikes,"Touring-1000 Yellow, 50",Yellow,2384.07,50,T ,H ,U ,Touring-1000,Current
563,BK-T79Y-54,3,Touring Bikes,"Touring-1000 Yellow, 54",Yellow,2384.07,54,T ,H ,U ,Touring-1000,Current
564,BK-T79Y-60,3,Touring Bikes,"Touring-1000 Yellow, 60",Yellow,2384.07,60,T ,H ,U ,Touring-1000,Current
565,BK-T18U-54,3,Touring Bikes,"Touring-3000 Blue, 54",Blue,742.35,54,T ,L ,U ,Touring-3000,Current
566,BK-T18U-58,3,Touring Bikes,"Touring-3000 Blue, 58",Blue,742.35,58,T ,L ,U ,Touring-3000,Current
567,BK-T18U-62,3,Touring Bikes,"Touring-3000 Blue, 62",Blue,742.35,62,T ,L ,U ,Touring-3000,Current
568,BK-T18Y-44,3,Touring Bikes,"Touring-3000 Yellow, 44",Yellow,742.35,44,T ,L ,U ,Touring-3000,Current
569,BK-T18Y-50,3,Touring Bikes,"Touring-3000 Yellow, 50",Yellow,742.35,50,T ,L ,U ,Touring-3000,Current
570,BK-T18Y-54,3,Touring Bikes,"Touring-3000 Yellow, 54",Yellow,742.35,54,T ,L ,U ,Touring-3000,Current
571,BK-T18Y-58,3,Touring Bikes,"Touring-3000 Yellow, 58",Yellow,742.35,58,T ,L ,U ,Touring-3000,Current
572,BK-T18Y-62,3,Touring Bikes,"Touring-3000 Yellow, 62",Yellow,742.35,62,T ,L ,U ,Touring-3000,Current
573,BK-T79U-46,3,Touring Bikes,"Touring-1000 Blue, 46",Blue,2384.07,46,T ,H ,U ,Touring-1000,Current
574,BK-T79U-50,3,Touring Bikes,"Touring-1000 Blue, 50",Blue,2384.07,50,T ,H ,U ,Touring-1000,Current
575,BK-T79U-54,3,Touring Bikes,"Touring-1000 Blue, 54",Blue,2384.07,54,T ,H ,U ,Touring-1000,Current
576,BK-T79U-60,3,Touring Bikes,"Touring-1000 Blue, 60",Blue,2384.07,60,T ,H ,U ,Touring-1000,Current
577,BK-T44U-46,3,Touring Bikes,"Touring-2000 Blue, 46",Blue,1214.85,46,T ,M ,U ,Touring-2000,Current
578,BK-T44U-50,3,Touring Bikes,"Touring-2000 Blue, 50",Blue,1214.85,50,T ,M ,U ,Touring-2000,Current
579,BK-T44U-54,3,Touring Bikes,"Touring-2000 Blue, 54",Blue,1214.85,54,T ,M ,U ,Touring-2000,Current
580,BK-R79Y-40,2,Road Bikes,"Road-350-W Yellow, 40",Yellow,1700.99,40,R ,M ,W ,Road-350-W,Current
581,BK-R79Y-42,2,Road Bikes,"Road-350-W Yellow, 42",Yellow,1700.99,42,R ,M ,W ,Road-350-W,Current
582,BK-R79Y-44,2,Road Bikes,"Road-350-W Yellow, 44",Yellow,1700.99,44,R ,M ,W ,Road-350-W,Current
583,BK-R79Y-48,2,Road Bikes,"Road-350-W Yellow, 48",Yellow,1700.99,48,R ,M ,W ,Road-350-W,Current
584,BK-R19B-58,2,Road Bikes,"Road-750 Black, 58",Black,539.99,58,R ,L ,U ,Road-750,Current
585,BK-T18U-44,3,Touring Bikes,"Touring-3000 Blue, 44",Blue,742.35,44,T ,L ,U ,Touring-3000,Current
586,BK-T18U-50,3,Touring Bikes,"Touring-3000 Blue, 50",Blue,742.35,50,T ,L ,U ,Touring-3000,Current
587,BK-M38S-38,1,Mountain Bikes,"Mountain-400-W Silver, 38",Silver,769.49,38,M ,M ,W ,Mountain-400-W,Current
588,BK-M38S-40,1,Mountain Bikes,"Mountain-400-W Silver, 40",Silver,769.49,40,M ,M ,W ,Mountain-400-W,Current
589,BK-M38S-42,1,Mountain Bikes,"Mountain-400-W Silver, 42",Silver,769.49,42,M ,M ,W ,Mountain-400-W,Current
590,BK-M38S-46,1,Mountain Bikes,"Mountain-400-W Silver, 46",Silver,769.49,46,M ,M ,W ,Mountain-400-W,Current
591,BK-M18S-40,1,Mountain Bikes,"Mountain-500 Silver, 40",Silver,564.99,40,M ,L ,U ,Mountain-500,Current
592,BK-M18S-42,1,Mountain Bikes,"Mountain-500 Silver, 42",Silver,564.99,42,M ,L ,U ,Mountain-500,Current
593,BK-M18S-44,1,Mountain Bikes,"Mountain-500 Silver, 44",Silver,564.99,44,M ,L ,U ,Mountain-500,Current
594,BK-M18S-48,1,Mountain Bikes,"Mountain-500 Silver, 48",Silver,564.99,48,M ,L ,U ,Mountain-500,Current
595,BK-M18S-52,1,Mountain Bikes,"Mountain-500 Silver, 52",Silver,564.99,52,M ,L ,U ,Mountain-500,Current
596,BK-M18B-40,1,Mountain Bikes,"Mountain-500 Black, 40",Black,539.99,40,M ,L ,U ,Mountain-500,Current
597,BK-M18B-42,1,Mountain Bikes,"Mountain-500 Black, 42",Black,539.99,42,M ,L ,U ,Mountain-500,Current
598,BK-M18B-44,1,Mountain Bikes,"Mountain-500 Black, 44",Black,539.99,44,M ,L ,U ,Mountain-500,Current
599,BK-M18B-48,1,Mountain Bikes,"Mountain-500 Black, 48",Black,539.99,48,M ,L ,U ,Mountain-500,Current
600,BK-M18B-52,1,Mountain Bikes,"Mountain-500 Black, 52",Black,539.99,52,M ,L ,U ,Mountain-500,Current
601,BB-7421,5,Bottom Brackets,LL Bottom Bracket,NA,53.99,NULL,NULL,L ,NULL,LL Bottom Bracket,Current
602,BB-8107,5,Bottom Brackets,ML Bottom Bracket,NA,101.24,NULL,NULL,M ,NULL,ML Bottom Bracket,Current
603,BB-9108,5,Bottom Brackets,HL Bottom Bracket,NA,121.49,NULL,NULL,H ,NULL,HL Bottom Bracket,Current
604,BK-R19B-44,2,Road Bikes,"Road-750 Black, 44",Black,539.99,44,R ,L ,U ,Road-750,Current
605,BK-R19B-48,2,Road Bikes,"Road-750 Black, 48",Black,539.99,48,R ,L ,U ,Road-750,Current
606,BK-R19B-52,2,Road Bikes,"Road-750 Black, 52",Black,539.99,52,R ,L ,U ,Road-750,Current
